{
  "project_info": {
    "project_number": "10077804581",
    "project_id": "potholepatrol-c3cb0",
    "storage_bucket": "potholepatrol-c3cb0.firebasestorage.app"
  },
  "client": [
    {
      "client_info": {
        "mobilesdk_app_id": "1:10077804581:android:08537b62f2315661a707cc",
        "android_client_info": {
          "package_name": "com.example.potholepatrol"
        }
      },
      "oauth_client": [],
      "api_key": [
        {
          "current_key": "AIzaSyCeSqVn9rlUNZlfngrG8Qx5Mb0uCN_qhUc"
        }
      ],
      "services": {
        "appinvite_service": {
          "other_platform_oauth_client": []
        }
      }
    }
  ],
  "configuration_version": "1"
}